{
  "schemaVersion": 1,
  "id": "grocey_client",
  "version": "1.0.0",
  "name": "Grocey Client",
  "authors": [
    "walte, MCreator"
  ],
  "contact": {
    "homepage": "https://mcreator.net",
    "sources": ""
  },
  "license": "Academic Free License v3.0",
  "environment": "*",
  "entrypoints": {
    "main": [
      "net.mcreator.groceyclient.GroceyClientMod"
    ],
    "client": [
      "net.mcreator.groceyclient.ClientInit"
    ]
  },
  "depends": {
    "fabricloader": ">=0.12.12",
    "fabric": "*",
    "minecraft": "1.17.x",
    "java": ">=16"
  },
  "accessWidener": "modid.accesswidener"
}